-- phpMyAdmin SQL Dump
-- version 5.0.2
-- https://www.phpmyadmin.net/
--
-- 主机： 172.17.0.7
-- 生成日期： 2021-04-10 08:32:00
-- 服务器版本： 5.6.49
-- PHP 版本： 7.4.9

SET SQL_MODE = "NO_AUTO_VALUE_ON_ZERO";
START TRANSACTION;
SET time_zone = "+00:00";


/*!40101 SET @OLD_CHARACTER_SET_CLIENT=@@CHARACTER_SET_CLIENT */;
/*!40101 SET @OLD_CHARACTER_SET_RESULTS=@@CHARACTER_SET_RESULTS */;
/*!40101 SET @OLD_COLLATION_CONNECTION=@@COLLATION_CONNECTION */;
/*!40101 SET NAMES utf8mb4 */;

--
-- 数据库： `online_questions`
--

DELIMITER $$
--
-- 函数
--
CREATE DEFINER=`root`@`localhost` FUNCTION `urlDecode` (`original_text` TEXT CHARSET utf8mb4) RETURNS TEXT CHARSET utf8mb4 BEGIN
    DECLARE new_text TEXT DEFAULT NULL;
    DECLARE pointer INT DEFAULT 1;
    DECLARE end_pointer INT DEFAULT 1;
    DECLARE encoded_text TEXT DEFAULT NULL;
    DECLARE result_text TEXT DEFAULT NULL;
    DECLARE rep_text TEXT DEFAULT NULL;
    DECLARE unhex_text TEXT DEFAULT NULL;

    SET new_text = REPLACE(original_text,'+',' ');
    SET new_text = REPLACE(new_text,'%0A','\r\n');

    SET pointer = LOCATE('%', new_text);
    WHILE pointer <> 0 && pointer < (CHAR_LENGTH(new_text) - 1) DO
        SET end_pointer = pointer + 3;
        WHILE MID(new_text, end_pointer, 1) = '%' DO
            SET end_pointer = end_pointer+3;
        END WHILE;

        SET encoded_text = MID(new_text, pointer, end_pointer - pointer);
		SET rep_text = REPLACE(encoded_text, '%', '');
		SET unhex_text = UNHEX(rep_text);
        SET result_text = CONVERT(unhex_text USING utf8mb4);
        SET new_text = REPLACE(new_text, encoded_text, result_text);
        SET pointer = LOCATE('%', new_text, pointer + CHAR_LENGTH(result_text));

    END WHILE;

    RETURN new_text;

END$$

DELIMITER ;

-- --------------------------------------------------------

--
-- 表的结构 `t_admin_user`
--

CREATE TABLE `t_admin_user` (
  `id` varchar(36) NOT NULL COMMENT '用户登录ID',
  `name` varchar(10) NOT NULL DEFAULT '' COMMENT '用户姓名',
  `password` varchar(32) NOT NULL DEFAULT '' COMMENT '密码',
  `salt` varchar(32) NOT NULL DEFAULT '' COMMENT '盐',
  `phone` varchar(11) NOT NULL DEFAULT '' COMMENT '手机号码',
  `email` varchar(32) NOT NULL DEFAULT '' COMMENT '邮箱',
  `status` int(2) NOT NULL DEFAULT '0' COMMENT '0-未启用 1-启用',
  `create_time` varchar(20) NOT NULL DEFAULT '' COMMENT '创建时间（申请时间）',
  `update_time` varchar(20) NOT NULL DEFAULT '' COMMENT '更新时间'
) ENGINE=InnoDB DEFAULT CHARSET=utf8;

--
-- 转存表中的数据 `t_admin_user`
--

INSERT INTO `t_admin_user` (`id`, `name`, `password`, `salt`, `phone`, `email`, `status`, `create_time`, `update_time`) VALUES
('11', 'string', 'string', 'string', 'string', 'string', 0, 'string', 'string'),
('111', '11', '11', '', '', '', 11, '', ''),
('12', '12', '12', '', '', '', 12, '', ''),
('2', '2', '2', '', '', '', 1, '', ''),
('3', '3', '', '', '', '', 1, '', ''),
('4', '4', '4', '', '', '', 1, '', ''),
('5', '5', '55', '', '', '', 5, '', ''),
('6', '6', '6', '', '', '', 6, '', ''),
('7', '7', '7', '', '', '', 7, '', ''),
('8', '8', '8', '', '', '', 8, '', ''),
('9', '9', '9', '', '', '', 9, '', '');

-- --------------------------------------------------------

--
-- 表的结构 `t_answer`
--

CREATE TABLE `t_answer` (
  `id` varchar(36) COLLATE utf8_bin NOT NULL COMMENT '回答的uuid',
  `user_name` varchar(36) COLLATE utf8_bin DEFAULT NULL COMMENT '回答用户的Name',
  `question_id` varchar(36) COLLATE utf8_bin DEFAULT NULL COMMENT '问题的id',
  `question_title` varchar(200) COLLATE utf8_bin DEFAULT NULL COMMENT '问题的title',
  `content` blob COMMENT '问题的内容',
  `delete_flag` int(10) DEFAULT NULL COMMENT '是否删除',
  `status` int(10) DEFAULT NULL COMMENT '状态',
  `black_flag` int(10) DEFAULT NULL COMMENT '是否黑名单',
  `time` varchar(20) COLLATE utf8_bin DEFAULT NULL COMMENT '创建时间',
  `answer_id` varchar(36) COLLATE utf8_bin DEFAULT NULL COMMENT '回答的问题id'
) ENGINE=InnoDB DEFAULT CHARSET=utf8 COLLATE=utf8_bin COMMENT='回答时间';

--
-- 转存表中的数据 `t_answer`
--

INSERT INTO `t_answer` (`id`, `user_name`, `question_id`, `question_title`, `content`, `delete_flag`, `status`, `black_flag`, `time`, `answer_id`) VALUES
('08da99a0-4502-4c05-8f94-e96cb0461c5b', 'chao6667', 'b68f0a10-b8c6-48f6-8fad-ccc31867300d', '你猜我是谁', 0x2533437025334535353525334325324670253345, NULL, NULL, 0, '2020-05-18 23:52:10', NULL),
('0ae41849-fc0c-4e4e-b5df-ba414a38ec39', 'chao6667', '50b1af4b-6557-4be0-ac9e-ea9f163bdac4', '爱与恨，纠缠不休！', 0x2533437025334525453625423525384225453825414625393525453525423125384625453825393425424425454625424325383125334325324670253345, NULL, NULL, 1, '2020-05-19 00:50:15', NULL),
('0f7ba6e8-f5e6-4a17-a622-4d53bf168552', 'aaaaaa123', '50b1af4b-6557-4be0-ac9e-ea9f163bdac4', '爱与恨，纠缠不休！', 0x2533437025334531313125334325324670253345, NULL, NULL, 0, '2020-05-24 18:09:28', NULL),
('1fdb58cd-1377-4765-ac96-d92e7a61e61e', 'yy01', '45065586-2b17-4b19-894e-d96a90674eb3', '全聚德烤鸭好吃吗？', 0x25334370253345717125334325324670253345, NULL, NULL, NULL, '2020-05-18 22:44:58', NULL),
('1ff3d842-6922-417b-9e0e-c2dc5d913c81', 'chao6667', '7b6cc698-b243-49ad-935d-49b3dde985c5', '如风的少年', 0x2533437025334525453625423525384225453825414625393525453525383025393225453525424125384625454625424325383125334325324670253345, NULL, NULL, NULL, '2020-05-18 21:29:25', NULL),
('22d9f2fe-e481-4f08-aa25-caf578135e74', 'chao6667', 'b68f0a10-b8c6-48f6-8fad-ccc31867300d', '你猜我是谁', 0x2533437025334531313125334325324670253345, NULL, NULL, NULL, '2020-05-18 23:51:54', NULL),
('24ce9eab-acb9-4ad9-852f-171f82427129', 'chao6667', '7b6cc698-b243-49ad-935d-49b3dde985c5', '如风的少年', 0x253343702533456861686168616825334325324670253345, NULL, NULL, 0, '2020-05-20 23:42:15', NULL),
('26193994-8c07-4832-8b3c-8375a7f38c47', 'aaaaaa123', 'e316b08f-c1d2-449a-8322-7e70de08ddd2', 'Linux电脑如何定时启动', 0x2533437025334531313125334325324670253345, NULL, NULL, 0, '2020-05-24 18:27:50', NULL),
('2b9dd5e0-43b4-4ad2-b7bc-5bef6be534e8', 'chao6667', 'b68f0a10-b8c6-48f6-8fad-ccc31867300d', '你猜我是谁', 0x2533437025334534343425334325324670253345, NULL, NULL, NULL, '2020-05-18 23:52:03', NULL),
('2cb8f4a2-d3ad-4e95-8090-c99b4969c168', 'yy01', '45065586-2b17-4b19-894e-d96a90674eb3', '全聚德烤鸭好吃吗？', 0x25334370253345254539254131254236254535254238253936254546254243253831253343696d6725323073726325334425323268747470253341253246253246696d672e742e73696e616a732e636e2532467433352532467374796c65253246696d61676573253246636f6d6d6f6e253246666163652532466578742532466e6f726d616c2532463630253246686f727365325f7468756d622e676966253232253230616c74253344253232253542254537254135253945254539254139254143253544253232253230646174612d772d652533442532323125323225334525334325324670253345, NULL, NULL, NULL, '2020-05-18 22:40:04', NULL),
('2d9e9f23-5cd1-472e-bffd-431ebdeec3c3', 'chao6667', '50b1af4b-6557-4be0-ac9e-ea9f163bdac4', '爱与恨，纠缠不休！', 0x2533437025334525453625423525384225453825414625393525453525423125384625453825393425424425453525394225394525453525413425384425334325324670253345, NULL, NULL, NULL, '2020-05-19 00:48:58', NULL),
('313d09cf-9e83-4b68-8b30-3ad53ba5bd0d', 'chao6667', '7b6cc698-b243-49ad-935d-49b3dde985c5', '如风的少年', 0x253343702533452545362538392539332545372541302542343025453525394225394525453525413425384425334325324670253345, NULL, NULL, NULL, '2020-05-18 03:41:48', NULL),
('3268c73c-5232-4540-b4aa-9654ababff92', 'chao6667', 'b68f0a10-b8c6-48f6-8fad-ccc31867300d', '你猜我是谁', 0x25334370253345717171712533432532467025334525334370253345253343627225334525334325324670253345, NULL, NULL, 0, '2020-05-20 23:41:27', NULL),
('36f65fa1-7634-4b57-80bb-037836d73d98', 'aaaaaa123', '50b1af4b-6557-4be0-ac9e-ea9f163bdac4', '爱与恨，纠缠不休！', 0x25334370253345253343696d6725323073726325334425323268747470253341253246253246696d672e742e73696e616a732e636e25324674342532466170707374796c6525324665787072657373696f6e2532466578742532466e6f726d616c253246343025324670636d6f72656e5f7469616e5f6f72672e706e67253232253230616c74253344253232253542254538253838253934254535254231253846253544253232253230646174612d772d6525334425323231253232253345253343696d6725323073726325334425323268747470253341253246253246696d672e742e73696e616a732e636e25324674342532466170707374796c6525324665787072657373696f6e2532466578742532466e6f726d616c253246336325324670636d6f72656e5f77755f6f72672e706e67253232253230616c74253344253232253542254536254231254131253544253232253230646174612d772d65253344253232312532322532307374796c65253344253232636f6c6f72253341253230696e6865726974253342253232253345253343696d6725323073726325334425323268747470253341253246253246696d672e742e73696e616a732e636e25324674342532466170707374796c6525324665787072657373696f6e2532466578742532466e6f726d616c253246353025324670636d6f72656e5f687561697869616f5f6f72672e706e67253232253230616c74253344253232253542254535253944253846254537254143253931253544253232253230646174612d772d65253344253232312532322532307374796c65253344253232636f6c6f72253341253230696e6865726974253342253232253345253343696d6725323073726325334425323268747470253341253246253246696d672e742e73696e616a732e636e2532467433352532467374796c65253246696d61676573253246636f6d6d6f6e253246666163652532466578742532466e6f726d616c2532463630253246686f727365325f7468756d622e676966253232253230616c74253344253232253542254537254135253945254539254139254143253544253232253230646174612d772d65253344253232312532322532307374796c65253344253232636f6c6f72253341253230696e6865726974253342253232253345253343627225334525334325324670253345, NULL, NULL, 1, '2020-05-24 18:06:50', 'null'),
('372f893b-e9ac-401e-83f7-9d21da67d136', 'aaaaaa123', '50b1af4b-6557-4be0-ac9e-ea9f163bdac4', '爱与恨，纠缠不休！', 0x25334370253345253343696d6725323073726325334425323268747470253341253246253246696d672e742e73696e616a732e636e25324674342532466170707374796c6525324665787072657373696f6e2532466578742532466e6f726d616c253246353025324670636d6f72656e5f687561697869616f5f6f72672e706e67253232253230616c74253344253232253542254535253944253846254537254143253931253544253232253230646174612d772d6525334425323231253232253345253343627225334525334325324670253345, NULL, NULL, NULL, '2020-05-16 13:03:09', NULL),
('42467781-8f27-42a9-8fa6-82af8cba659f', 'chao6667', '50b1af4b-6557-4be0-ac9e-ea9f163bdac4', '爱与恨，纠缠不休！', 0x2533437025334531313125334325324670253345, NULL, NULL, 0, '2020-05-19 22:40:55', NULL),
('51292e6a-85c9-4f72-834e-bfaeda4c70ba', 'aaaaaa123', 'b68f0a10-b8c6-48f6-8fad-ccc31867300d', '你猜我是谁', 0x25334370253345313125453525393325383825453525393325383825334325324670253345, NULL, NULL, 0, '2020-05-21 23:09:08', NULL),
('5556c218-ccfe-4fe7-ab7d-18410bcf66b2', '123456', 'ff3038e6-5a3d-4561-9fff-1890a4edb951', '南京哪里好玩儿', 0x2533437025334525453625383825393125453825413725383925453525424525393725453425424425413025453525384625414625453425424225413525453725383825414325453525423125423125454625424325384325453725423425414225453925383725393125453525423125423125453525423025423125453425423825384425453925393425393925334325324670253345, NULL, NULL, 0, '2021-04-10 14:59:57', NULL),
('56bceecc-1fb8-4752-972b-2fea98c64e0d', 'aaaaaa123', '9ded3e2f-9002-4482-8ec2-c87eebd99c6c', '将进酒的文章是啥？', 0x253343702533452532366e6273702533422532302532366e6273702533422532302532366e62737025334225323025453525393025394225453425423825384425453825413725383125454625424325384325453925424225383425453625423225423325453425423925384225453625423025423425453525413425413925453425423825384125453625394425413525454625424325384325453525413525393425453625423525383125453525383825423025453625423525423725453425423825384425453525413425384425453525394225394525453325383025383225334362722533452545332538302538302545332538302538302545352539302539422545342542382538442545382541372538312545462542432538432545392541422539382545352541302538322545362539382538452545392539352539432545362538322542322545372539392542442545352538462539312545462542432538432545362539432539442545352541362538322545392539442539322545342542382539442545362539412541452545362538382539302545392539422541412545462542432538312533436272253345254533253830253830254533253830253830254534254241254241254537253934253946254535254245253937254536253834253846254539254131254242254535254230254244254536254143254132254546254243253843254538253845254142254534254244254246254539253837253931254536254138254244254537254139254241254535254146254239254536253943253838254533253830253832253343627225334525453325383025383025453325383025383025453525413425413925453725393425394625453625383825393125453625394425393025453525424625383525453625394325383925453725393425413825454625424325384325453525384425383325453925383725393125453625393525413325453525423025424425453825424625393825453525413425384425453625394425413525453325383025383225334362722533452545332538302538302545332538302538302545372538332542392545372542452538412545352541452542302545372538392539422545342542382539342545342542382542412545342542392539302545462542432538432545342542432539412545392541312542422545342542382538302545392541352541452545342542382538392545372539392542452545362539442541462545332538302538322533436272253345254533253830253830254533253830253830254535254232253931254535254134254142254535254144253930254546254243253843254534254238254239254534254238253938254537253934253946254546254243253843254535254230253836254538254246253942254539253835253932254546254243253843254536253944254146254538253845254142254535253831253943254533253830253832253343627225334525453325383025383025453325383025383025453425423825384525453525393025394225453625414425384325453425423825383025453625394225423225454625424325384325453825414625423725453525393025394225453425423825424125453625383825393125453525383025424525453825383025423325453525393025414325453325383025383225334362722533452545332538302538302545332538302538302545392539322539462545392542432539332545392541362539342545372538452538392545342542382538442545382542362542332545382542342542352545462542432538432545342542442538362545362538342542462545392539352542462545392538362538392545342542382538442545352541342538442545392538362539322545332538302538322533436272253345254533253830253830254533253830253830254535253846254134254536253944254135254535253943254133254538254234254134254537253941253836254535254146253832254535254146253945254546254243253843254536253833253946254536253943253839254539254135254145254538253830253835254537253935253939254535253835254236254535253930253844254533253830253832253343627225334525453325383025383025453325383025383025453925393925383825453725384525384225453625393825393425453625393725423625453525414525423425453525423925423325453425423925393025454625424325384325453625393625393725453925383525393225453525384425383125453525384425383325453625383125413325453625414325413225453825423025393125453325383025383225334362722533452545332538302538302545332538302538302545342542382542422545342542412542412545342542442539352545342542382542412545382541382538302545352542302539312545392539322542312545462542432538432545352542452538342545392541312542422545362542322542442545352538462539362545352541462542392545352539302539422545392538352538432545332538302538322533436272253345254533253830253830254533253830253830254534254241253934254538253841254231254539254139254143254533253830253831254535253844253833254539253837253931254538254133253938254546254243253843254535253931254243254535253834254246254535254230253836254535253837254241254536253844254132254537254245253845254539253835253932254546254243253843254534254238253845254535254230253934254535253930253843254539253934253830254534254238253837254535253846254134254536253834253831254546254243253831253343627225334525334325324670253345, NULL, NULL, NULL, '2020-05-16 13:03:40', NULL),
('58b2ae3f-26bc-4c67-88ac-dc7dc6c597bf', 'chao6667', '50b1af4b-6557-4be0-ac9e-ea9f163bdac4', '爱与恨，纠缠不休！', 0x25334370253345313125334325324670253345, NULL, NULL, NULL, '2020-05-19 00:47:28', NULL),
('5b8643a6-7afb-4490-961a-ab9737a28c98', 'yy01', '45065586-2b17-4b19-894e-d96a90674eb3', '全聚德烤鸭好吃吗？', 0x2533437025334532323225334325324670253345, NULL, NULL, NULL, '2020-05-18 22:59:26', NULL),
('5d337b6d-09f5-4184-8562-bb8552c29723', 'aaaaaa123', '50b1af4b-6557-4be0-ac9e-ea9f163bdac4', '爱与恨，纠缠不休！', 0x25334370253345253343696d6725323073726325334425323268747470253341253246253246696d672e742e73696e616a732e636e25324674342532466170707374796c6525324665787072657373696f6e2532466578742532466e6f726d616c253246343025324670636d6f72656e5f7469616e5f6f72672e706e67253232253230616c74253344253232253542254538253838253934254535254231253846253544253232253230646174612d772d6525334425323231253232253345253343627225334525334325324670253345, NULL, NULL, NULL, '2020-05-16 13:09:55', NULL),
('62ac61fa-1499-42c7-ab50-ef7608655049', 'chao313', 'ecdaaa8a-aaf2-4b9c-ba72-86437ba5ac20', '生与死，轮回不止！', 0x2533437025334525453625423525384225453825414625393525453525383825413025453925393925413425453525394225394525453525413425384425334325324670253345, NULL, NULL, NULL, '2020-05-17 13:14:45', NULL),
('6652ba89-4d83-42de-8c0c-2a2bf24e1d01', 'chao6667', '50b1af4b-6557-4be0-ac9e-ea9f163bdac4', '爱与恨，纠缠不休！', 0x2533437025334531313125334325324670253345, NULL, NULL, NULL, '2020-05-19 00:29:49', NULL),
('7457193c-cd03-4f1a-b574-2c2da7b67d92', 'aaaaaa123', '50b1af4b-6557-4be0-ac9e-ea9f163bdac4', '爱与恨，纠缠不休！', 0x2533437025334532323225334325324670253345, NULL, NULL, 0, '2020-05-24 18:09:37', NULL),
('79356084-b83a-42e1-91ba-9de8c4d98cbc', 'aaaaaa123', 'e316b08f-c1d2-449a-8322-7e70de08ddd2', 'Linux电脑如何定时启动', 0x253343702533453131313125334325324670253345, NULL, NULL, NULL, '2020-05-16 13:37:18', NULL),
('8ba3ff87-462a-4827-bd37-a166f4205d40', 'chao6667', 'b68f0a10-b8c6-48f6-8fad-ccc31867300d', '你猜我是谁', 0x253343702533453125334325324670253345, NULL, NULL, NULL, '2020-05-18 23:38:53', NULL),
('8ebb6392-c222-4c8e-a383-f386447072fe', 'chao6667', '50b1af4b-6557-4be0-ac9e-ea9f163bdac4', '爱与恨，纠缠不休！', 0x25334370253345676767672533432532467025334525334370253345253343627225334525334325324670253345, NULL, NULL, 0, '2020-05-19 22:41:03', NULL),
('903570ea-b973-42bb-b0e8-59080c39aacc', 'chao6667', 'b68f0a10-b8c6-48f6-8fad-ccc31867300d', '你猜我是谁', 0x2533437025334536363625334325324670253345, NULL, NULL, NULL, '2020-05-18 23:52:16', NULL),
('90598967-8407-4207-8dfe-0561b43cbbd0', 'aaaaaa123', 'e316b08f-c1d2-449a-8322-7e70de08ddd2', 'Linux电脑如何定时启动', 0x253343702533453131313125334325324670253345, NULL, NULL, NULL, '2020-05-16 13:37:21', NULL),
('9684c491-8824-4dee-9648-baecfb801a74', 'aaaaaa123', '50b1af4b-6557-4be0-ac9e-ea9f163bdac4', '爱与恨，纠缠不休！', 0x25334370253345253343696d6725323073726325334425323268747470253341253246253246696d672e742e73696e616a732e636e25324674342532466170707374796c6525324665787072657373696f6e2532466578742532466e6f726d616c253246343025324670636d6f72656e5f7469616e5f6f72672e706e67253232253230616c74253344253232253542254538253838253934254535254231253846253544253232253230646174612d772d6525334425323231253232253345253343627225334525334325324670253345, NULL, NULL, NULL, '2020-05-16 13:09:55', NULL),
('974aae8a-22b7-4d67-aef8-9545980dcc0d', 'aaaaaa123', '50b1af4b-6557-4be0-ac9e-ea9f163bdac4', '爱与恨，纠缠不休！', 0x25334370253345253343696d6725323073726325334425323268747470253341253246253246696d672e742e73696e616a732e636e25324674342532466170707374796c6525324665787072657373696f6e2532466578742532466e6f726d616c253246343025324670636d6f72656e5f7469616e5f6f72672e706e67253232253230616c74253344253232253542254538253838253934254535254231253846253544253232253230646174612d772d6525334425323231253232253345253343627225334525334325324670253345, NULL, NULL, NULL, '2020-05-16 13:09:55', NULL),
('a5637920-ef6f-4bc6-8058-998564cd45b6', 'aaaaaa123', '50b1af4b-6557-4be0-ac9e-ea9f163bdac4', '爱与恨，纠缠不休！', 0x25334370253345253343696d6725323073726325334425323268747470253341253246253246696d672e742e73696e616a732e636e25324674342532466170707374796c6525324665787072657373696f6e2532466578742532466e6f726d616c253246343025324670636d6f72656e5f7469616e5f6f72672e706e67253232253230616c74253344253232253542254538253838253934254535254231253846253544253232253230646174612d772d6525334425323231253232253345253343627225334525334325324670253345, NULL, NULL, NULL, '2020-05-16 13:09:33', NULL),
('a6c2d1c2-c8cc-46f0-97fe-77da54213b10', 'yy01', '45065586-2b17-4b19-894e-d96a90674eb3', '全聚德烤鸭好吃吗？', 0x2533437025334521212125334325324670253345, NULL, NULL, NULL, '2020-05-18 22:56:10', NULL),
('af07079d-a78f-42fc-b736-b84cdfa81fc9', 'chao313', '4daf1e56-8ad4-4148-be4e-7a4c0c963c07', '岁月如歌', 0x2533437025334531313125334325324670253345, NULL, NULL, NULL, '2020-05-17 22:00:37', NULL),
('afc01c7c-b8b3-4d02-8000-e5e5d54fc379', 'chao6667', 'b68f0a10-b8c6-48f6-8fad-ccc31867300d', '你猜我是谁', 0x2533437025334531313125334325324670253345, NULL, NULL, NULL, '2020-05-18 23:50:37', NULL),
('b922b1e8-1805-4dd8-8c4b-44168da5187c', 'yy01', '45065586-2b17-4b19-894e-d96a90674eb3', '全聚德烤鸭好吃吗？', 0x2533437025334531313125334325324670253345, NULL, NULL, NULL, '2020-05-18 22:44:05', NULL),
('d2884061-236b-49a4-82eb-4be236c8f8ba', 'aaaaaa123', 'e316b08f-c1d2-449a-8322-7e70de08ddd2', 'Linux电脑如何定时启动', 0x253343702533453131313125334325324670253345, NULL, NULL, NULL, '2020-05-16 13:37:18', NULL),
('dd19ec01-8d36-4ce0-8867-66c1ca9caa32', 'chao313', '50b1af4b-6557-4be0-ac9e-ea9f163bdac4', '爱与恨，纠缠不休！', 0x25334370253345313131313131313131313125334325324670253345, NULL, NULL, NULL, '2020-05-17 18:08:45', NULL),
('e29a993c-d711-48da-87bf-40a26dfdac45', 'chao6667', 'b68f0a10-b8c6-48f6-8fad-ccc31867300d', '你猜我是谁', 0x2533437025334531313125334325324670253345, NULL, NULL, 0, '2020-05-19 22:38:47', NULL),
('e2c29643-570c-457a-b2f2-4ecbea133e5e', 'aaaaaa123', '50b1af4b-6557-4be0-ac9e-ea9f163bdac4', '爱与恨，纠缠不休！', 0x25334370253345253343696d6725323073726325334425323268747470253341253246253246696d672e742e73696e616a732e636e25324674342532466170707374796c6525324665787072657373696f6e2532466578742532466e6f726d616c253246343025324670636d6f72656e5f7469616e5f6f72672e706e67253232253230616c74253344253232253542254538253838253934254535254231253846253544253232253230646174612d772d6525334425323231253232253345253343627225334525334325324670253345, NULL, NULL, NULL, '2020-05-16 13:10:00', NULL),
('f23b672e-a169-4111-88c9-f58752bd5157', 'aaaaaa123', '50b1af4b-6557-4be0-ac9e-ea9f163bdac4', '爱与恨，纠缠不休！', 0x25334370253345253343696d6725323073726325334425323268747470253341253246253246696d672e742e73696e616a732e636e25324674342532466170707374796c6525324665787072657373696f6e2532466578742532466e6f726d616c253246343025324670636d6f72656e5f7469616e5f6f72672e706e67253232253230616c74253344253232253542254538253838253934254535254231253846253544253232253230646174612d772d6525334425323231253232253345253343627225334525334325324670253345, NULL, NULL, NULL, '2020-05-16 13:09:56', NULL),
('feb709e9-a9a2-4906-9b84-5149b72d30b2', 'aaaaaa123', 'e316b08f-c1d2-449a-8322-7e70de08ddd2', 'Linux电脑如何定时启动', 0x253343702533453131313125334325324670253345, NULL, NULL, NULL, '2020-05-16 13:37:18', NULL);

-- --------------------------------------------------------

--
-- 替换视图以便查看 `t_answer_max_time`
-- （参见下面的实际视图）
--
CREATE TABLE `t_answer_max_time` (
`last_answer_time` varchar(20)
,`question_id` varchar(36)
);

-- --------------------------------------------------------

--
-- 表的结构 `t_answer_second`
--

CREATE TABLE `t_answer_second` (
  `id` varchar(36) COLLATE utf8_bin NOT NULL COMMENT '回答的uuid',
  `user_name` varchar(36) COLLATE utf8_bin DEFAULT NULL COMMENT '回答用户的Name',
  `question_id` varchar(36) COLLATE utf8_bin DEFAULT NULL COMMENT '问题的id',
  `question_title` varchar(200) COLLATE utf8_bin DEFAULT NULL COMMENT '问题的title',
  `content` blob COMMENT '问题的内容',
  `delete_flag` int(10) DEFAULT NULL COMMENT '是否删除',
  `status` int(10) DEFAULT NULL COMMENT '状态',
  `black_flag` int(10) DEFAULT NULL COMMENT '是否黑名单',
  `time` varchar(20) COLLATE utf8_bin DEFAULT NULL COMMENT '创建时间',
  `answer_id` varchar(36) COLLATE utf8_bin DEFAULT NULL COMMENT '回答的问题id'
) ENGINE=InnoDB DEFAULT CHARSET=utf8 COLLATE=utf8_bin COMMENT='回答时间';

-- --------------------------------------------------------

--
-- 替换视图以便查看 `t_answer_second_user`
-- （参见下面的实际视图）
--
CREATE TABLE `t_answer_second_user` (
`user_name` varchar(36)
,`question_id` varchar(36)
,`question_title` varchar(200)
,`answer_content` blob
,`delete_flag` int(10)
,`id` varchar(36)
,`time` varchar(20)
,`status` int(2)
,`approve_status` tinyint(4)
,`user_delete_flag` tinyint(4)
,`black_list_user` int(2)
,`logo` varchar(250)
,`pv_count` int(10)
,`user_id` varchar(36)
);

-- --------------------------------------------------------

--
-- 表的结构 `t_follow_person`
--

CREATE TABLE `t_follow_person` (
  `user_name_follow` varchar(36) COLLATE utf8_bin NOT NULL COMMENT '被关注的人',
  `user_name` varchar(36) COLLATE utf8_bin NOT NULL COMMENT '关注的人',
  `cteate_time` varchar(20) COLLATE utf8_bin NOT NULL
) ENGINE=InnoDB DEFAULT CHARSET=utf8 COLLATE=utf8_bin COMMENT='用户关注';

--
-- 转存表中的数据 `t_follow_person`
--

INSERT INTO `t_follow_person` (`user_name_follow`, `user_name`, `cteate_time`) VALUES
('chao6667', 'aaaaaa123', '2020-05-21 01:20:55'),
('yy01', 'aaaaaa123', '2020-05-21 00:21:14');

-- --------------------------------------------------------

--
-- 表的结构 `t_follow_question`
--

CREATE TABLE `t_follow_question` (
  `question_id` varchar(36) COLLATE utf8_bin NOT NULL COMMENT '问题的id',
  `user_name` varchar(36) COLLATE utf8_bin NOT NULL COMMENT '关注的人',
  `cteate_time` varchar(20) COLLATE utf8_bin NOT NULL
) ENGINE=InnoDB DEFAULT CHARSET=utf8 COLLATE=utf8_bin COMMENT='问题关注';

--
-- 转存表中的数据 `t_follow_question`
--

INSERT INTO `t_follow_question` (`question_id`, `user_name`, `cteate_time`) VALUES
('4daf1e56-8ad4-4148-be4e-7a4c0c963c07', 'Y2hhbzY2Ng==', '2020-05-18 03:02:10'),
('7b6cc698-b243-49ad-935d-49b3dde985c5', 'Y2hhbzY2Ng==', '2020-05-18 03:02:03'),
('7b6cc698-b243-49ad-935d-49b3dde985c5', 'chao6667', '2020-05-18 03:41:52'),
('82272ec0-7361-4735-8e29-244e4321878d', 'chao6667', '2020-05-20 23:43:27'),
('9ded3e2f-9002-4482-8ec2-c87eebd99c6c', 'aaaaaa123', '2020-05-16 15:26:03'),
('b68f0a10-b8c6-48f6-8fad-ccc31867300d', 'chao6667', '2020-05-20 23:40:25'),
('e316b08f-c1d2-449a-8322-7e70de08ddd2', 'aaaaaa123', '2020-05-16 15:25:55'),
('ecdaaa8a-aaf2-4b9c-ba72-86437ba5ac20', 'aaaaaa123', '2020-05-16 15:26:00');

-- --------------------------------------------------------

--
-- 表的结构 `t_questions`
--

CREATE TABLE `t_questions` (
  `id` varchar(36) COLLATE utf8_bin NOT NULL COMMENT '问题的id',
  `user_name` varchar(36) COLLATE utf8_bin DEFAULT NULL COMMENT '问题的发布者name',
  `title` varchar(30) COLLATE utf8_bin DEFAULT NULL COMMENT '问题的标题',
  `content` blob COMMENT '问题的内容',
  `tag` varchar(20) COLLATE utf8_bin DEFAULT NULL COMMENT '问题的类别',
  `is_save` int(10) DEFAULT NULL COMMENT '问题是否保存 0草稿, 1 发布',
  `status` int(10) DEFAULT '0' COMMENT '问题是否终结 0没有终结,1，已终结',
  `delete_flag` int(10) DEFAULT '0' COMMENT '问题是否删除,0未,1是',
  `black_flag` int(11) DEFAULT '0' COMMENT '是否被屏蔽,0未,1是',
  `create_time` varchar(20) COLLATE utf8_bin DEFAULT NULL COMMENT '问题创建时间',
  `update_time` varchar(20) COLLATE utf8_bin DEFAULT NULL COMMENT '问题更新时间',
  `pv_count` int(10) DEFAULT '0' COMMENT '问题的浏览量',
  `is_top` int(10) DEFAULT NULL COMMENT '是否置顶'
) ENGINE=InnoDB DEFAULT CHARSET=utf8 COLLATE=utf8_bin;

--
-- 转存表中的数据 `t_questions`
--

INSERT INTO `t_questions` (`id`, `user_name`, `title`, `content`, `tag`, `is_save`, `status`, `delete_flag`, `black_flag`, `create_time`, `update_time`, `pv_count`, `is_top`) VALUES
('03c24e85-e51b-4c5c-8ff1-3929d1176aa5', 'yy01', 'Java简单还是GO简单？', 0x253343702533454a617661254537254145253830254535253844253935254538254246253938254536253938254146474f25453725414525383025453525384425393525454625424325394625334325324670253345, '计算机', 1, 0, NULL, 0, '2020-05-18 22:36:43', '2020-05-18 22:36:43', NULL, NULL),
('2e55e44c-6c85-46f1-8205-d980f413bcf6', 'chao6667', 'Java简单还是GO简单？', 0x25334370253345686168616825334325324670253345, '计算机', 1, 1, NULL, 0, '2020-05-20 23:43:02', '2020-05-20 23:43:02', NULL, NULL),
('31fec32b-ba7a-4191-9c0f-6206dec649cf', '123456', NULL, 0x253343702533454325453825414625414425453825413825383025453925394125424525453425423825384425453925394125424525453525414425413625454625424325394625334325324670253345, '计算机', 1, 0, NULL, 0, '2021-04-10 14:58:01', '2021-04-10 14:58:01', NULL, NULL),
('33070467-f887-4c0d-804a-44db242262c1', 'chao6667', 'Java简单还是GO简单？', 0x25334370253345686168616825334325324670253345, NULL, 1, 0, NULL, 0, '2020-05-20 23:42:38', '2020-05-20 23:42:38', NULL, NULL),
('45065586-2b17-4b19-894e-d96a90674eb3', 'yy01', '全聚德烤鸭好吃吗？', 0x2533437025334525453625383325423325453525393025383325453725383325413425453925423825414425454625424325384325453525393325383825453525393325383825453525393325383825453525393325383825334325324670253345, '娱乐休闲', 1, 0, NULL, 0, '2020-05-18 22:37:58', '2020-05-18 22:37:58', NULL, NULL),
('4daf1e56-8ad4-4148-be4e-7a4c0c963c07', 'chao313', '岁月如歌', 0x2533437025334525453525423225383125453625394325383825453525413625383225453625414425384325324325453625414425384325453425424225413525453525393225384625453525424625393725454625424325383125454625424325383125334325324670253345, '情感', 1, 0, NULL, 0, '2020-05-16 16:27:08', '2020-05-17 12:58:47', NULL, NULL),
('50b1af4b-6557-4be0-ac9e-ea9f163bdac4', 'aaaaaa123', '爱与恨，纠缠不休！', 0x25334370253345254537253838254231254534254238253845254536253831254138254546254243253843254537254241254130254537254243254130254534254238253844254534254243253931254546254243253831253343696d6725323073726325334425323268747470253341253246253246696d672e742e73696e616a732e636e2532467433352532467374796c65253246696d61676573253246636f6d6d6f6e253246666163652532466578742532466e6f726d616c25324637612532467368656e73686f755f7468756d622e676966253232253230616c74253344253232253542254538253844253839254536254233254135254539254139254143253544253232253230646174612d772d652533442532323125323225334525334325324670253345, '情感', 1, 1, NULL, 0, '2020-05-14 22:20:52', '2020-05-14 22:20:52', NULL, NULL),
('5bd64443-e29c-484e-84b1-61ee2a29e56a', 'yy01', 'Java简单还是Python简单？', 0x2533437025334525453625383325423325453825383725414125453525414425413625454625424325384325453425424425383625453425423825384425453725394625413525453925383125393325453525414425413625453525393325414125453425423825414125454625424325394625334325324670253345, '计算机', 1, NULL, NULL, 0, '2020-05-18 22:30:05', '2020-05-18 22:30:05', NULL, NULL),
('7b6cc698-b243-49ad-935d-49b3dde985c5', 'chao6667', '如风的少年', 0x2533437025334525453525413625383225453925413325384525453725394125383425453525423025393125453525423925423425324325453825383725414125453525394325413825453525413625383225453925413325384525454625424325383125334325324670253345, '情感', 1, 1, NULL, 1, '2020-05-18 01:45:44', '2020-05-18 01:45:44', NULL, NULL),
('82272ec0-7361-4735-8e29-244e4321878d', 'chao6667', 'ninini', 0x253343702533456e696e6925334325324670253345, '情感', 1, 0, NULL, 0, '2020-05-20 23:43:24', '2020-05-20 23:43:24', NULL, NULL),
('828fa617-36e9-4f9a-80b6-155a06c0bce3', 'yy01', '明天下雨吗？', 0x2533437025334525453625393825384525453525413425413925453625383325423325453525383725424125453525384525424225454625424325384325453425423825384425453725394625413525453925383125393325453425423825384225453425423825384425453425423825384225453925394225413825454625424325394625453825413625383125453425423825384425453825413625383125453525423825413625453425424325394525334325324670253345, '情感', 1, NULL, NULL, NULL, '2020-05-18 22:26:04', '2020-05-18 22:26:04', NULL, NULL),
('88077e09-fb2f-4fd0-87d2-05adbe5b4f9b', 'yy01', '冰箱什么牌子比较好', 0x2533437025334525453525413625383225453925413225393825453625383925383025453825424625423025334325324670253345, '家电数码', 1, 0, NULL, 1, '2020-05-18 23:10:10', '2020-05-18 23:10:10', NULL, NULL),
('9ded3e2f-9002-4482-8ec2-c87eebd99c6c', 'aaaaaa123', '将进酒的文章是啥？', 0x2533437025334525453525423025383625453825424625394225453925383525393225453725394125383425453625393625383725453725414225413025453625393825414625453525393525413525454625424325394625323025453425424425394325453825383025383525453625393825414625453525393525413525334625334325324670253345, '文学', 1, 0, NULL, 0, '2020-05-14 22:20:52', '2020-05-18 22:02:04', NULL, NULL),
('a7553a23-b4f6-465d-934e-a50c742eb088', 'yy01', 'Java简单还是c简单？', 0x253343702533454a61766125453725414525383025453525384425393525453825424625393825453625393825414663254537254145253830254535253844253935254546254243253946253343696d6725323073726325334425323268747470253341253246253246696d672e742e73696e616a732e636e2532467433352532467374796c65253246696d61676573253246636f6d6d6f6e253246666163652532466578742532466e6f726d616c2532463630253246686f727365325f7468756d622e676966253232253230616c74253344253232253542254537254135253945254539254139254143253544253232253230646174612d772d652533442532323125323225334525334325324670253345, NULL, 1, 0, NULL, 1, '2020-05-18 22:33:41', '2020-05-18 22:33:41', NULL, NULL),
('b68f0a10-b8c6-48f6-8fad-ccc31867300d', 'chao6667', '你猜我是谁', 0x2533437025334525453525393325383825453525393325383825453525393325383825453525393325383825334325324670253345, '情感', 1, 0, NULL, 0, '2020-05-18 23:37:59', '2020-05-18 23:37:59', NULL, NULL),
('bf0bf1a7-b7cb-4cdb-b0b4-a14c04c197c5', 'yy01', 'Java简单还是GO简单？', 0x253343702533454a617661254537254145253830254535253844253935254538254246253938254536253938254146474f25453725414525383025453525384425393525454625424325394625334325324670253345, '计算机', 1, 0, NULL, NULL, '2020-05-18 22:34:54', '2020-05-18 22:34:54', NULL, NULL),
('e316b08f-c1d2-449a-8322-7e70de08ddd2', 'aaaaaa123', 'Linux电脑如何定时启动', 0x25334370253345253343696d67253230737263253344253232687474702533412532462532463132372e302e302e312533413830303025324664656d6f6d617374657225324675706c6f616425324632303230303531345f3034303333365f575832303230303531342d30343030353925343032782e706e672532322532307374796c652533442532326d61782d7769647468253341353025323525334225334225323077696474682533416175746f25323021696d706f7274616e742533422532306865696768742533416175746f25323021696d706f7274616e74253232253345253343627225334525334325324670253345, '计算机', 1, 0, NULL, 0, '2020-05-14 22:20:52', '2020-05-14 22:20:52', NULL, NULL),
('ecdaaa8a-aaf2-4b9c-ba72-86437ba5ac20', 'aaaaaa123', '生与死，轮回不止！', 0x25334370253345254537253934253946254534254238253845254536254144254242254546254243253843254538254244254145254535253942253945254534254238253844254536254144254132254546254243253831253343627225334525334325324670253345, '情感', 1, 0, NULL, NULL, '2020-05-14 22:20:14', '2020-05-14 22:20:14', NULL, NULL),
('ff3038e6-5a3d-4561-9fff-1890a4edb951', '123456', '南京哪里好玩儿', 0x2533437025334525453525384425393725453425424125414325453525393325414125453925383725384325453625414625393425453825424525383325453525413525424425453725384525413925453525383425424625454625424325394625334325324670253345, '情感', 1, 0, NULL, 0, '2021-04-10 14:59:30', '2021-04-10 14:59:30', NULL, NULL);

-- --------------------------------------------------------

--
-- 表的结构 `t_question_tag`
--

CREATE TABLE `t_question_tag` (
  `id` varchar(36) COLLATE utf8_bin NOT NULL COMMENT 'uuid',
  `question_id` varchar(36) COLLATE utf8_bin NOT NULL COMMENT '问题的id',
  `tag_id` varchar(36) COLLATE utf8_bin NOT NULL COMMENT '问题标签的id'
) ENGINE=InnoDB DEFAULT CHARSET=utf8 COLLATE=utf8_bin COMMENT='关联问题和tag';

-- --------------------------------------------------------

--
-- 表的结构 `t_report_answer`
--

CREATE TABLE `t_report_answer` (
  `id` varchar(36) COLLATE utf8_bin NOT NULL,
  `answer_id` varchar(36) COLLATE utf8_bin DEFAULT NULL COMMENT '举报answer',
  `reason` varchar(36) COLLATE utf8_bin DEFAULT NULL COMMENT '举报理由'
) ENGINE=InnoDB DEFAULT CHARSET=utf8 COLLATE=utf8_bin COMMENT='回复举报';

--
-- 转存表中的数据 `t_report_answer`
--

INSERT INTO `t_report_answer` (`id`, `answer_id`, `reason`) VALUES
('1a62cf81-bcf0-406d-8f37-cdf51f6eb07a', '36f65fa1-7634-4b57-80bb-037836d73d98', '这个敏感'),
('500223d5-ebea-450b-8543-4f8594aa4992', '36f65fa1-7634-4b57-80bb-037836d73d98', '这个不对'),
('c5e5206c-b5ec-48d6-b756-9b08563a1cb2', '6652ba89-4d83-42de-8c0c-2a2bf24e1d01', '图片色情！'),
('d32e861a-683b-432d-8322-a182afe6f050', '6652ba89-4d83-42de-8c0c-2a2bf24e1d01', '回复捡漏！');

-- --------------------------------------------------------

--
-- 表的结构 `t_report_question`
--

CREATE TABLE `t_report_question` (
  `id` varchar(36) COLLATE utf8_bin NOT NULL,
  `question_id` varchar(36) COLLATE utf8_bin DEFAULT NULL COMMENT '举报问题id',
  `question_name` varchar(36) COLLATE utf8_bin DEFAULT NULL COMMENT '举报问题名称',
  `reason` varchar(36) COLLATE utf8_bin DEFAULT NULL COMMENT '举报理由'
) ENGINE=InnoDB DEFAULT CHARSET=utf8 COLLATE=utf8_bin COMMENT='问题举报';

--
-- 转存表中的数据 `t_report_question`
--

INSERT INTO `t_report_question` (`id`, `question_id`, `question_name`, `reason`) VALUES
('0d788403-24f9-4f06-b882-a4e2515fa555', '4daf1e56-8ad4-4148-be4e-7a4c0c963c07', '岁月如歌', '存储'),
('375fe43a-9888-472a-82ea-e88e39ace811', '4daf1e56-8ad4-4148-be4e-7a4c0c963c07', NULL, NULL),
('a0887bd4-1fee-4d5d-8c86-71f66a2bcae6', '50b1af4b-6557-4be0-ac9e-ea9f163bdac4', '爱与恨，纠缠不休！', '涉及'),
('dfee4011-ff71-4567-87cd-4820af1c4816', '4daf1e56-8ad4-4148-be4e-7a4c0c963c07', '岁月如歌', '1111'),
('e590842f-2fd7-4840-b94a-c0323057aaf2', '4daf1e56-8ad4-4148-be4e-7a4c0c963c07', '岁月如歌', NULL);

-- --------------------------------------------------------

--
-- 表的结构 `t_report_user`
--

CREATE TABLE `t_report_user` (
  `id` varchar(36) COLLATE utf8_bin NOT NULL,
  `user_name` varchar(36) COLLATE utf8_bin DEFAULT NULL COMMENT '举报用户名称',
  `reason` varchar(36) COLLATE utf8_bin DEFAULT NULL COMMENT '举报理由'
) ENGINE=InnoDB DEFAULT CHARSET=utf8 COLLATE=utf8_bin COMMENT='用户举报';

--
-- 转存表中的数据 `t_report_user`
--

INSERT INTO `t_report_user` (`id`, `user_name`, `reason`) VALUES
('2a7ce723-47eb-4dca-9b21-2ba6748f38bd', 'chao313', '名字猥琐');

-- --------------------------------------------------------

--
-- 表的结构 `t_system_param`
--

CREATE TABLE `t_system_param` (
  `param_id` varchar(64) NOT NULL COMMENT '参数id',
  `param_value` varchar(255) NOT NULL COMMENT '参数值',
  `param_desc` varchar(255) DEFAULT NULL COMMENT '参数描述'
) ENGINE=InnoDB DEFAULT CHARSET=utf8mb4 COMMENT='系统参数表';

--
-- 转存表中的数据 `t_system_param`
--

INSERT INTO `t_system_param` (`param_id`, `param_value`, `param_desc`) VALUES
('name', 'value', '测试');

-- --------------------------------------------------------

--
-- 表的结构 `t_tag`
--

CREATE TABLE `t_tag` (
  `id` varchar(36) COLLATE utf8_bin NOT NULL,
  `tag` varchar(20) COLLATE utf8_bin DEFAULT NULL COMMENT '标签本身'
) ENGINE=InnoDB DEFAULT CHARSET=utf8 COLLATE=utf8_bin;

--
-- 转存表中的数据 `t_tag`
--

INSERT INTO `t_tag` (`id`, `tag`) VALUES
('1', '计算机'),
('2', '情感'),
('3', '文学'),
('4', '娱乐休闲'),
('6', '家电数码'),
('7', '文化历史'),
('8', '天文地理');

-- --------------------------------------------------------

--
-- 表的结构 `t_user`
--

CREATE TABLE `t_user` (
  `id` varchar(36) NOT NULL COMMENT '用户登录ID',
  `name` varchar(10) NOT NULL DEFAULT '' COMMENT '用户姓名',
  `password` varchar(32) NOT NULL DEFAULT '' COMMENT '密码',
  `salt` varchar(32) DEFAULT '' COMMENT '盐',
  `phone` varchar(11) DEFAULT '' COMMENT '手机号码',
  `email` varchar(32) DEFAULT '' COMMENT '邮箱',
  `status` int(2) DEFAULT '0' COMMENT '0-未启用 1-启用',
  `create_time` varchar(20) DEFAULT '' COMMENT '创建时间（申请时间）',
  `update_time` varchar(20) DEFAULT '',
  `delete_flag` tinyint(4) DEFAULT '0' COMMENT '删除标志: 0未删除，1已删除',
  `approve_status` tinyint(4) DEFAULT '0' COMMENT '0: 待审批 1：通过 ：2 拒绝',
  `black_list_user` int(2) DEFAULT '0' COMMENT '是否是黑名单 1 -> 是 0 -> 不是',
  `logo` varchar(250) DEFAULT '' COMMENT '用户头像',
  `pv_count` int(10) DEFAULT '0' COMMENT '用户主页的浏览量',
  `signature` varchar(300) DEFAULT NULL COMMENT '个性签名'
) ENGINE=InnoDB DEFAULT CHARSET=utf8;

--
-- 转存表中的数据 `t_user`
--

INSERT INTO `t_user` (`id`, `name`, `password`, `salt`, `phone`, `email`, `status`, `create_time`, `update_time`, `delete_flag`, `approve_status`, `black_list_user`, `logo`, `pv_count`, `signature`) VALUES
('aa4d084e-fba5-40d0-9178-8aafcdeff291', '123456', 'MTIzNDU2', NULL, NULL, '2421634224@qq.com', NULL, NULL, NULL, NULL, 1, 0, NULL, NULL, NULL),
('d3d9aa3c-c279-4d44-8b5a-66262cb6e4c7', 'aaaaaa123', 'Y2hhbzY2Ng==', NULL, NULL, NULL, NULL, NULL, '2020-05-20 23:58:03', NULL, 1, 0, 'upload/20200518_010152_WechatIMG37.jpeg', NULL, '哈哈哈哈'),
('8782e6d6-f272-4d32-8b6d-d04925d14e34', 'chao313', 'Y2hhbzY2Ng==', NULL, NULL, NULL, NULL, NULL, NULL, NULL, 1, 0, 'upload/20200518_010152_WechatIMG37.jpeg', NULL, NULL),
('2209b5a8-c76e-453a-8347-dd43cd4f7b2f', 'chao6667', 'Y2hhbzY2Ng==', '', '15618622161', 'm18888106873@163.com', NULL, '', '2020-05-18 21:53:41', NULL, 1, 0, 'upload/20200518_215247_ce287c28a8295b5ad5b956253ff706b2.jpg', NULL, '我是一只小小鸟'),
('05b019be-00b6-4bf5-a315-37ffb401ea58', 'wangxiao', 'WXMyMDE0MDkxMw==', NULL, NULL, 'm18888106873@163.com', NULL, NULL, '2021-04-10 13:04:53', NULL, 1, 0, 'upload/20210410_130450_5.jpeg', NULL, NULL),
('99849a75-304e-47e1-8d01-33006ad9d68a', 'yy01', 'MTIzNDU2', '', '', '2421634224@qq.com', NULL, '', '2020-05-18 22:17:31', NULL, 1, 0, 'upload/20200518_221703_logo.png', NULL, '哈哈哈哈'),
('c56fffcd-7c6d-4dd8-bf8b-bcb5675f3040', 'zhangrui', 'Y2hhbzY2Ng==', NULL, NULL, NULL, NULL, NULL, NULL, NULL, 1, 0, 'upload/20200518_010152_WechatIMG37.jpeg', NULL, NULL);

-- --------------------------------------------------------

--
-- 替换视图以便查看 `v_answer_second_user`
-- （参见下面的实际视图）
--
CREATE TABLE `v_answer_second_user` (
`user_name` varchar(36)
,`question_id` varchar(36)
,`question_title` varchar(200)
,`answer_content` blob
,`delete_flag` int(10)
,`black_flag` int(10)
,`id` varchar(36)
,`time` varchar(20)
,`answer_id` varchar(36)
,`status` int(2)
,`approve_status` tinyint(4)
,`user_delete_flag` tinyint(4)
,`black_list_user` int(2)
,`logo` varchar(250)
,`pv_count` int(10)
,`user_id` varchar(36)
);

-- --------------------------------------------------------

--
-- 替换视图以便查看 `v_answer_user`
-- （参见下面的实际视图）
--
CREATE TABLE `v_answer_user` (
`user_name` varchar(36)
,`question_id` varchar(36)
,`question_title` varchar(200)
,`answer_content` blob
,`delete_flag` int(10)
,`black_flag` int(10)
,`time` varchar(20)
,`id` varchar(36)
,`status` int(2)
,`approve_status` tinyint(4)
,`user_delete_flag` tinyint(4)
,`black_list_user` int(2)
,`logo` varchar(250)
,`pv_count` int(10)
,`user_id` varchar(36)
);

-- --------------------------------------------------------

--
-- 替换视图以便查看 `v_follow_person_user`
-- （参见下面的实际视图）
--
CREATE TABLE `v_follow_person_user` (
`user_name_follow` varchar(36)
,`user_name` varchar(36)
,`cteate_time` varchar(20)
,`id` varchar(36)
,`name` varchar(10)
,`email` varchar(32)
,`signature` varchar(300)
,`logo` varchar(250)
,`black_list_user` int(2)
,`approve_status` tinyint(4)
,`status` int(2)
,`phone` varchar(11)
);

-- --------------------------------------------------------

--
-- 替换视图以便查看 `v_hot_question`
-- （参见下面的实际视图）
--
CREATE TABLE `v_hot_question` (
`id` varchar(36)
,`user_name` varchar(36)
,`title` varchar(30)
,`content` blob
,`is_top` int(10)
,`pv_count` int(10)
,`update_time` varchar(20)
,`create_time` varchar(20)
,`black_flag` int(11)
,`delete_flag` int(10)
,`status` int(10)
,`is_save` int(10)
,`tag` varchar(20)
,`follow_sum` bigint(21)
,`answer_sum` bigint(21)
,`last_answer_time` varchar(20)
);

-- --------------------------------------------------------

--
-- 替换视图以便查看 `v_question_answer_sum`
-- （参见下面的实际视图）
--
CREATE TABLE `v_question_answer_sum` (
`answer_sum` bigint(21)
,`question_id` varchar(36)
);

-- --------------------------------------------------------

--
-- 替换视图以便查看 `v_question_follow_sum`
-- （参见下面的实际视图）
--
CREATE TABLE `v_question_follow_sum` (
`follow_sum` bigint(21)
,`question_id` varchar(36)
);

-- --------------------------------------------------------

--
-- 替换视图以便查看 `v_question_user`
-- （参见下面的实际视图）
--
CREATE TABLE `v_question_user` (
`id` varchar(36)
,`user_name` varchar(36)
,`title` varchar(30)
,`content` blob
,`is_top` int(10)
,`pv_count` int(10)
,`update_time` varchar(20)
,`create_time` varchar(20)
,`black_flag` int(11)
,`delete_flag` int(10)
,`status` int(10)
,`is_save` int(10)
,`tag` varchar(20)
,`id_0` varchar(36)
,`name` varchar(10)
,`status_0` int(2)
,`delete_flag_0` tinyint(4)
,`approve_status` tinyint(4)
,`black_list_user` int(2)
,`logo` varchar(250)
,`pv_count_0` int(10)
);

-- --------------------------------------------------------

--
-- 替换视图以便查看 `v_question_user_answer_follow`
-- （参见下面的实际视图）
--
CREATE TABLE `v_question_user_answer_follow` (
`id` varchar(36)
,`user_name` varchar(36)
,`title` varchar(30)
,`content` blob
,`is_top` int(10)
,`pv_count` int(10)
,`update_time` varchar(20)
,`create_time` varchar(20)
,`black_flag` int(11)
,`delete_flag` int(10)
,`status` int(10)
,`is_save` int(10)
,`tag` varchar(20)
,`id_0` varchar(36)
,`name` varchar(10)
,`status_0` int(2)
,`delete_flag_0` tinyint(4)
,`approve_status` tinyint(4)
,`black_list_user` int(2)
,`logo` varchar(250)
,`pv_count_0` int(10)
,`follow_sum` bigint(21)
,`answer_sum` bigint(21)
);

-- --------------------------------------------------------

--
-- 替换视图以便查看 `v_report_answer_answer`
-- （参见下面的实际视图）
--
CREATE TABLE `v_report_answer_answer` (
`id` varchar(36)
,`answer_id` varchar(36)
,`reason` varchar(36)
,`id_0` varchar(36)
,`user_name` varchar(36)
,`question_id` varchar(36)
,`question_title` varchar(200)
,`content` blob
,`delete_flag` int(10)
,`status` int(10)
,`black_flag` int(10)
,`time` varchar(20)
,`answer_id_0` varchar(36)
);

-- --------------------------------------------------------

--
-- 替换视图以便查看 `v_report_question_questition`
-- （参见下面的实际视图）
--
CREATE TABLE `v_report_question_questition` (
`id` varchar(36)
,`question_id` varchar(36)
,`question_name` varchar(36)
,`reason` varchar(36)
,`id_0` varchar(36)
,`user_name` varchar(36)
,`title` varchar(30)
,`content` blob
,`tag` varchar(20)
,`is_save` int(10)
,`delete_flag` int(10)
,`status` int(10)
,`black_flag` int(11)
,`create_time` varchar(20)
,`update_time` varchar(20)
,`pv_count` int(10)
,`is_top` int(10)
);

-- --------------------------------------------------------

--
-- 替换视图以便查看 `v_report_user_user`
-- （参见下面的实际视图）
--
CREATE TABLE `v_report_user_user` (
`id` varchar(36)
,`user_name` varchar(36)
,`reason` varchar(36)
,`name` varchar(10)
,`create_time` varchar(20)
,`update_time` varchar(20)
,`delete_flag` tinyint(4)
,`approve_status` tinyint(4)
,`black_list_user` int(2)
,`logo` varchar(250)
,`pv_count` int(10)
,`status` int(2)
,`email` varchar(32)
,`phone` varchar(11)
);

-- --------------------------------------------------------

--
-- 视图结构 `t_answer_max_time`
--
DROP TABLE IF EXISTS `t_answer_max_time`;

CREATE ALGORITHM=UNDEFINED DEFINER=`root`@`localhost` SQL SECURITY DEFINER VIEW `t_answer_max_time`  AS  select max(`t_answer`.`time`) AS `last_answer_time`,`t_answer`.`question_id` AS `question_id` from `t_answer` group by `t_answer`.`question_id` ;

-- --------------------------------------------------------

--
-- 视图结构 `t_answer_second_user`
--
DROP TABLE IF EXISTS `t_answer_second_user`;

CREATE ALGORITHM=UNDEFINED DEFINER=`root`@`localhost` SQL SECURITY DEFINER VIEW `t_answer_second_user`  AS  select `t_answer_second`.`user_name` AS `user_name`,`t_answer_second`.`question_id` AS `question_id`,`t_answer_second`.`question_title` AS `question_title`,`t_answer_second`.`content` AS `answer_content`,`t_answer_second`.`delete_flag` AS `delete_flag`,`t_answer_second`.`id` AS `id`,`t_answer_second`.`time` AS `time`,`t_user`.`status` AS `status`,`t_user`.`approve_status` AS `approve_status`,`t_user`.`delete_flag` AS `user_delete_flag`,`t_user`.`black_list_user` AS `black_list_user`,`t_user`.`logo` AS `logo`,`t_user`.`pv_count` AS `pv_count`,`t_user`.`id` AS `user_id` from (`t_answer_second` left join `t_user` on((`t_answer_second`.`user_name` = `t_user`.`name`))) ;

-- --------------------------------------------------------

--
-- 视图结构 `v_answer_second_user`
--
DROP TABLE IF EXISTS `v_answer_second_user`;

CREATE ALGORITHM=UNDEFINED DEFINER=`root`@`localhost` SQL SECURITY DEFINER VIEW `v_answer_second_user`  AS  select `t_answer_second`.`user_name` AS `user_name`,`t_answer_second`.`question_id` AS `question_id`,`t_answer_second`.`question_title` AS `question_title`,`t_answer_second`.`content` AS `answer_content`,`t_answer_second`.`delete_flag` AS `delete_flag`,`t_answer_second`.`black_flag` AS `black_flag`,`t_answer_second`.`id` AS `id`,`t_answer_second`.`time` AS `time`,`t_answer_second`.`answer_id` AS `answer_id`,`t_user`.`status` AS `status`,`t_user`.`approve_status` AS `approve_status`,`t_user`.`delete_flag` AS `user_delete_flag`,`t_user`.`black_list_user` AS `black_list_user`,`t_user`.`logo` AS `logo`,`t_user`.`pv_count` AS `pv_count`,`t_user`.`id` AS `user_id` from (`t_answer_second` left join `t_user` on((`t_answer_second`.`user_name` = `t_user`.`name`))) ;

-- --------------------------------------------------------

--
-- 视图结构 `v_answer_user`
--
DROP TABLE IF EXISTS `v_answer_user`;

CREATE ALGORITHM=UNDEFINED DEFINER=`root`@`localhost` SQL SECURITY DEFINER VIEW `v_answer_user`  AS  select `t_answer`.`user_name` AS `user_name`,`t_answer`.`question_id` AS `question_id`,`t_answer`.`question_title` AS `question_title`,`t_answer`.`content` AS `answer_content`,`t_answer`.`delete_flag` AS `delete_flag`,`t_answer`.`black_flag` AS `black_flag`,`t_answer`.`time` AS `time`,`t_answer`.`id` AS `id`,`t_user`.`status` AS `status`,`t_user`.`approve_status` AS `approve_status`,`t_user`.`delete_flag` AS `user_delete_flag`,`t_user`.`black_list_user` AS `black_list_user`,`t_user`.`logo` AS `logo`,`t_user`.`pv_count` AS `pv_count`,`t_user`.`id` AS `user_id` from (`t_answer` left join `t_user` on((`t_answer`.`user_name` = `t_user`.`name`))) ;

-- --------------------------------------------------------

--
-- 视图结构 `v_follow_person_user`
--
DROP TABLE IF EXISTS `v_follow_person_user`;

CREATE ALGORITHM=UNDEFINED DEFINER=`root`@`localhost` SQL SECURITY DEFINER VIEW `v_follow_person_user`  AS  select `t_follow_person`.`user_name_follow` AS `user_name_follow`,`t_follow_person`.`user_name` AS `user_name`,`t_follow_person`.`cteate_time` AS `cteate_time`,`t_user`.`id` AS `id`,`t_user`.`name` AS `name`,`t_user`.`email` AS `email`,`t_user`.`signature` AS `signature`,`t_user`.`logo` AS `logo`,`t_user`.`black_list_user` AS `black_list_user`,`t_user`.`approve_status` AS `approve_status`,`t_user`.`status` AS `status`,`t_user`.`phone` AS `phone` from (`t_follow_person` left join `t_user` on((`t_follow_person`.`user_name` = `t_user`.`name`))) ;

-- --------------------------------------------------------

--
-- 视图结构 `v_hot_question`
--
DROP TABLE IF EXISTS `v_hot_question`;

CREATE ALGORITHM=UNDEFINED DEFINER=`root`@`localhost` SQL SECURITY DEFINER VIEW `v_hot_question`  AS  select distinct `t_questions`.`id` AS `id`,`t_questions`.`user_name` AS `user_name`,`t_questions`.`title` AS `title`,`t_questions`.`content` AS `content`,`t_questions`.`is_top` AS `is_top`,`t_questions`.`pv_count` AS `pv_count`,`t_questions`.`update_time` AS `update_time`,`t_questions`.`create_time` AS `create_time`,`t_questions`.`black_flag` AS `black_flag`,`t_questions`.`delete_flag` AS `delete_flag`,`t_questions`.`status` AS `status`,`t_questions`.`is_save` AS `is_save`,`t_questions`.`tag` AS `tag`,`v_question_follow_sum`.`follow_sum` AS `follow_sum`,`v_question_answer_sum`.`answer_sum` AS `answer_sum`,`t_answer_max_time`.`last_answer_time` AS `last_answer_time` from (((`t_questions` left join `v_question_follow_sum` on((`v_question_follow_sum`.`question_id` = `t_questions`.`id`))) left join `v_question_answer_sum` on((`v_question_answer_sum`.`question_id` = `t_questions`.`id`))) left join `t_answer_max_time` on((`t_answer_max_time`.`question_id` = `t_questions`.`id`))) order by `t_answer_max_time`.`last_answer_time` desc ;

-- --------------------------------------------------------

--
-- 视图结构 `v_question_answer_sum`
--
DROP TABLE IF EXISTS `v_question_answer_sum`;

CREATE ALGORITHM=UNDEFINED DEFINER=`root`@`localhost` SQL SECURITY DEFINER VIEW `v_question_answer_sum`  AS  select count(1) AS `answer_sum`,`t_answer`.`question_id` AS `question_id` from `t_answer` where (`t_answer`.`black_flag` = 0) group by `t_answer`.`question_id` ;

-- --------------------------------------------------------

--
-- 视图结构 `v_question_follow_sum`
--
DROP TABLE IF EXISTS `v_question_follow_sum`;

CREATE ALGORITHM=UNDEFINED DEFINER=`root`@`localhost` SQL SECURITY DEFINER VIEW `v_question_follow_sum`  AS  select count(1) AS `follow_sum`,`t_follow_question`.`question_id` AS `question_id` from `t_follow_question` group by `t_follow_question`.`question_id` ;

-- --------------------------------------------------------

--
-- 视图结构 `v_question_user`
--
DROP TABLE IF EXISTS `v_question_user`;

CREATE ALGORITHM=UNDEFINED DEFINER=`root`@`localhost` SQL SECURITY DEFINER VIEW `v_question_user`  AS  select `t_questions`.`id` AS `id`,`t_questions`.`user_name` AS `user_name`,`t_questions`.`title` AS `title`,`t_questions`.`content` AS `content`,`t_questions`.`is_top` AS `is_top`,`t_questions`.`pv_count` AS `pv_count`,`t_questions`.`update_time` AS `update_time`,`t_questions`.`create_time` AS `create_time`,`t_questions`.`black_flag` AS `black_flag`,`t_questions`.`delete_flag` AS `delete_flag`,`t_questions`.`status` AS `status`,`t_questions`.`is_save` AS `is_save`,`t_questions`.`tag` AS `tag`,`t_user`.`id` AS `id_0`,`t_user`.`name` AS `name`,`t_user`.`status` AS `status_0`,`t_user`.`delete_flag` AS `delete_flag_0`,`t_user`.`approve_status` AS `approve_status`,`t_user`.`black_list_user` AS `black_list_user`,`t_user`.`logo` AS `logo`,`t_user`.`pv_count` AS `pv_count_0` from (`t_questions` left join `t_user` on((`t_questions`.`user_name` = `t_user`.`password`))) ;

-- --------------------------------------------------------

--
-- 视图结构 `v_question_user_answer_follow`
--
DROP TABLE IF EXISTS `v_question_user_answer_follow`;

CREATE ALGORITHM=UNDEFINED DEFINER=`root`@`localhost` SQL SECURITY DEFINER VIEW `v_question_user_answer_follow`  AS  select distinct `t_questions`.`id` AS `id`,`t_questions`.`user_name` AS `user_name`,`t_questions`.`title` AS `title`,`t_questions`.`content` AS `content`,`t_questions`.`is_top` AS `is_top`,`t_questions`.`pv_count` AS `pv_count`,`t_questions`.`update_time` AS `update_time`,`t_questions`.`create_time` AS `create_time`,`t_questions`.`black_flag` AS `black_flag`,`t_questions`.`delete_flag` AS `delete_flag`,`t_questions`.`status` AS `status`,`t_questions`.`is_save` AS `is_save`,`t_questions`.`tag` AS `tag`,`t_user`.`id` AS `id_0`,`t_user`.`name` AS `name`,`t_user`.`status` AS `status_0`,`t_user`.`delete_flag` AS `delete_flag_0`,`t_user`.`approve_status` AS `approve_status`,`t_user`.`black_list_user` AS `black_list_user`,`t_user`.`logo` AS `logo`,`t_user`.`pv_count` AS `pv_count_0`,`v_question_follow_sum`.`follow_sum` AS `follow_sum`,`v_question_answer_sum`.`answer_sum` AS `answer_sum` from (((`t_questions` left join `t_user` on((`t_questions`.`user_name` = `t_user`.`name`))) left join `v_question_follow_sum` on((`v_question_follow_sum`.`question_id` = `t_questions`.`id`))) left join `v_question_answer_sum` on((`v_question_answer_sum`.`question_id` = `t_questions`.`id`))) order by `v_question_answer_sum`.`answer_sum` desc ;

-- --------------------------------------------------------

--
-- 视图结构 `v_report_answer_answer`
--
DROP TABLE IF EXISTS `v_report_answer_answer`;

CREATE ALGORITHM=UNDEFINED DEFINER=`root`@`localhost` SQL SECURITY DEFINER VIEW `v_report_answer_answer`  AS  select `t_report_answer`.`id` AS `id`,`t_report_answer`.`answer_id` AS `answer_id`,`t_report_answer`.`reason` AS `reason`,`t_answer`.`id` AS `id_0`,`t_answer`.`user_name` AS `user_name`,`t_answer`.`question_id` AS `question_id`,`t_answer`.`question_title` AS `question_title`,`t_answer`.`content` AS `content`,`t_answer`.`delete_flag` AS `delete_flag`,`t_answer`.`status` AS `status`,`t_answer`.`black_flag` AS `black_flag`,`t_answer`.`time` AS `time`,`t_answer`.`answer_id` AS `answer_id_0` from (`t_report_answer` left join `t_answer` on((`t_report_answer`.`answer_id` = `t_answer`.`id`))) ;

-- --------------------------------------------------------

--
-- 视图结构 `v_report_question_questition`
--
DROP TABLE IF EXISTS `v_report_question_questition`;

CREATE ALGORITHM=UNDEFINED DEFINER=`root`@`localhost` SQL SECURITY DEFINER VIEW `v_report_question_questition`  AS  select `t_report_question`.`id` AS `id`,`t_report_question`.`question_id` AS `question_id`,`t_report_question`.`question_name` AS `question_name`,`t_report_question`.`reason` AS `reason`,`t_questions`.`id` AS `id_0`,`t_questions`.`user_name` AS `user_name`,`t_questions`.`title` AS `title`,`t_questions`.`content` AS `content`,`t_questions`.`tag` AS `tag`,`t_questions`.`is_save` AS `is_save`,`t_questions`.`delete_flag` AS `delete_flag`,`t_questions`.`status` AS `status`,`t_questions`.`black_flag` AS `black_flag`,`t_questions`.`create_time` AS `create_time`,`t_questions`.`update_time` AS `update_time`,`t_questions`.`pv_count` AS `pv_count`,`t_questions`.`is_top` AS `is_top` from (`t_report_question` left join `t_questions` on((`t_report_question`.`question_id` = `t_questions`.`id`))) ;

-- --------------------------------------------------------

--
-- 视图结构 `v_report_user_user`
--
DROP TABLE IF EXISTS `v_report_user_user`;

CREATE ALGORITHM=UNDEFINED DEFINER=`root`@`localhost` SQL SECURITY DEFINER VIEW `v_report_user_user`  AS  select `t_report_user`.`id` AS `id`,`t_report_user`.`user_name` AS `user_name`,`t_report_user`.`reason` AS `reason`,`t_user`.`name` AS `name`,`t_user`.`create_time` AS `create_time`,`t_user`.`update_time` AS `update_time`,`t_user`.`delete_flag` AS `delete_flag`,`t_user`.`approve_status` AS `approve_status`,`t_user`.`black_list_user` AS `black_list_user`,`t_user`.`logo` AS `logo`,`t_user`.`pv_count` AS `pv_count`,`t_user`.`status` AS `status`,`t_user`.`email` AS `email`,`t_user`.`phone` AS `phone` from (`t_report_user` left join `t_user` on((`t_report_user`.`user_name` = `t_user`.`name`))) ;

--
-- 转储表的索引
--

--
-- 表的索引 `t_admin_user`
--
ALTER TABLE `t_admin_user`
  ADD PRIMARY KEY (`id`) USING BTREE,
  ADD KEY `idx_ame` (`name`) USING BTREE;

--
-- 表的索引 `t_answer`
--
ALTER TABLE `t_answer`
  ADD PRIMARY KEY (`id`);

--
-- 表的索引 `t_answer_second`
--
ALTER TABLE `t_answer_second`
  ADD PRIMARY KEY (`id`);

--
-- 表的索引 `t_follow_person`
--
ALTER TABLE `t_follow_person`
  ADD PRIMARY KEY (`user_name_follow`,`user_name`);

--
-- 表的索引 `t_follow_question`
--
ALTER TABLE `t_follow_question`
  ADD PRIMARY KEY (`question_id`,`user_name`);

--
-- 表的索引 `t_questions`
--
ALTER TABLE `t_questions`
  ADD PRIMARY KEY (`id`);

--
-- 表的索引 `t_question_tag`
--
ALTER TABLE `t_question_tag`
  ADD PRIMARY KEY (`id`);

--
-- 表的索引 `t_report_answer`
--
ALTER TABLE `t_report_answer`
  ADD PRIMARY KEY (`id`);

--
-- 表的索引 `t_report_question`
--
ALTER TABLE `t_report_question`
  ADD PRIMARY KEY (`id`);

--
-- 表的索引 `t_report_user`
--
ALTER TABLE `t_report_user`
  ADD PRIMARY KEY (`id`);

--
-- 表的索引 `t_system_param`
--
ALTER TABLE `t_system_param`
  ADD PRIMARY KEY (`param_id`);

--
-- 表的索引 `t_tag`
--
ALTER TABLE `t_tag`
  ADD PRIMARY KEY (`id`);

--
-- 表的索引 `t_user`
--
ALTER TABLE `t_user`
  ADD PRIMARY KEY (`name`) USING BTREE,
  ADD KEY `idx_ame` (`name`) USING BTREE;
COMMIT;

/*!40101 SET CHARACTER_SET_CLIENT=@OLD_CHARACTER_SET_CLIENT */;
/*!40101 SET CHARACTER_SET_RESULTS=@OLD_CHARACTER_SET_RESULTS */;
/*!40101 SET COLLATION_CONNECTION=@OLD_COLLATION_CONNECTION */;
